company,A,H,n_obs,ADV_A,ADV_H,prem_std,half_life
FIRST TRACTOR,601038.SS,0038.HK,1266,134565963.64725485,11107791.432914758,0.8149380277468172,35.586626716124144
SICHUAN EXPRESS,601107.SS,0107.HK,1266,32609569.472732116,1971539.7766290973,0.30532850912652537,56.12048724203888
TSINGTAO BREW,600600.SS,0168.HK,1266,450200451.2319372,177163843.57462946,0.1984729558153231,56.379319228043215
JIANGSU EXPRESS,600377.SS,0177.HK,1266,46406176.721386366,18508779.875510007,0.12957256099387035,46.47181478744882
JINGCHENG MAC,600860.SS,0187.HK,1266,141933641.46900263,8998991.784902198,1.0047397678183452,52.79431288801995
MIDEA GROUP,000333.SZ,0300.HK,0,,,,
COMEC,600685.SS,0317.HK,1266,310614935.50956064,18680376.653610427,0.5379758402622721,44.905184275639854
MAANSHAN IRON,600808.SS,0323.HK,1266,169067847.87528014,24024541.39153915,0.3298972890865087,190.33601745490864
SHANGHAI PECHEM,600688.SS,0338.HK,1266,97603923.36706172,26456912.38175102,0.34568635865848346,53.39270134559329
ANGANG STEEL,000898.SZ,0347.HK,1266,142567227.91450286,41758657.73669268,0.15933359853637763,59.15839513826698
JIANGXI COPPER,600362.SS,0358.HK,1266,463528957.20928687,80909390.44529942,0.1608789199196084,27.221688251767272
SINOPEC CORP,600028.SS,0386.HK,1266,485699029.16449237,309448531.06994593,0.10230094262133914,26.170166184138154
CHINA RAILWAY,601390.SS,0390.HK,1266,521528066.39716953,71239532.00840533,0.19014469376536194,58.31498714555103
GUANGSHEN RAIL,601333.SS,0525.HK,1266,95983263.47479713,8801964.580990331,0.2331791878998585,61.11485494152896
SHENZHENEXPRESS,600548.SS,0548.HK,1266,31028105.513653737,15404181.247427888,0.1504823654490618,47.74071448481438
NANJING PANDA,600775.SS,0553.HK,1266,183837375.29163802,5878340.053888429,1.0673852725371746,169.69820133407728
ZCZL,601717.SS,0564.HK,1266,196603314.81460655,11135919.22045616,0.25703656682245624,35.20583917774474
SHANDONG MOLONG,002490.SZ,0568.HK,1266,69579051.66782255,10855805.214502232,1.622270065713888,327.7878650609307
BEIJING N STAR,601588.SS,0588.HK,1266,57634818.74914358,2842805.9384070532,0.5107768385944684,216.68052629519048
SINOTRANS,601598.SS,0598.HK,1254,131706091.99634539,14499934.68767522,0.27254286379738074,34.82851244073317
CHINA EAST AIR,600115.SS,0670.HK,1266,216980172.87796482,40672056.53048029,0.2334881656896105,61.63563727198
SHANDONG XINHUA,000756.SZ,0719.HK,1266,321900421.62874216,25301835.963446703,1.1165327220165162,98.49665904986234
CHINA TELECOM,601728.SS,0728.HK,599,891550994.8960366,201227417.2405587,0.21882717493633383,21.807103685529494
AIR CHINA,601111.SS,0753.HK,1266,455499664.24087435,102747946.63976437,0.23672932816412617,81.92304116679232
ZTE,000063.SZ,0763.HK,1266,2321569755.945426,201358818.63255343,0.1774141337523296,28.57690786560419
XINHUA WINSHARE,601811.SS,0811.HK,1266,41854919.858088754,3098781.052509685,0.4059081840925623,42.41915848737934
PETROCHINA,601857.SS,0857.HK,1266,585909273.5176808,307522895.9670355,0.24946516515664496,76.81713745205681
BAIYUNSHAN PH,600332.SS,0874.HK,1266,300225554.83079636,25341082.16872492,0.18340242948705168,48.293199569776576
CNOOC,600938.SS,0883.HK,430,867823761.6615745,781662563.8965442,0.1386264846431478,23.903782697308674
DONGJIANG ENV,002672.SZ,0895.HK,1266,47198422.78242214,1663200.6638874027,0.4889870146188048,216.1705486197306
HUANENG POWER,600011.SS,0902.HK,1266,388118978.8264951,113794708.33429697,0.2860706239094378,44.82272142862307
CONCH CEMENT,600585.SS,0914.HK,1266,816898758.7143435,218896644.35388318,0.11910286853330888,55.08196279055535
CHINA LONGYUAN,001289.SZ,0916.HK,489,115375497.21820867,164791842.38345906,0.6474335195798573,560.255577273346
HISENSE HA,000921.SZ,0921.HK,1266,122181869.69984911,13052916.833737789,0.1955258417615868,33.494157856173814
CCB,601939.SS,0939.HK,1266,439809478.7806784,1125072642.2603755,0.09267872599873514,41.87161737108131
CHINA MOBILE,600941.SS,0941.HK,502,792418558.3031107,971576386.8292086,0.08896357178189365,15.94009216838766
CHINA SUNTIEN,600956.SS,0956.HK,891,154831043.6384947,43396872.783292085,1.1970859304473729,61.02314493425027
SMIC,688981.SS,0981.HK,878,1854769119.8993862,1228181006.1037292,0.24609896785646634,18.5163404150716
DATANG POWER,601991.SS,0991.HK,1266,152703670.927062,18701677.742083587,0.3010564858105092,36.066641591030134
ANHUIEXPRESSWAY,600012.SS,0995.HK,1266,31794294.468233433,5943042.963035476,0.13826453558028565,32.53128560073962
CITIC BANK,601998.SS,0998.HK,1266,128138918.23053022,78311161.85385807,0.12694611862305688,39.93771314967785
SINOPEC SSC,600871.SS,1033.HK,1266,102313142.89830902,5523163.046543796,0.4319435860560521,33.17374895410687
CHONGQING IRON,601005.SS,1053.HK,1266,170870381.12871438,9582296.566364719,0.24267895110768756,31.456171706398706
CHINA SOUTH AIR,600029.SS,1055.HK,1266,333119749.4660284,71969797.62437409,0.12424291966318288,25.966542704866622
ZHEJIANG SHIBAO,002703.SZ,1057.HK,1266,226270895.13150212,16847588.37751487,1.3591380234447308,70.16634994300959
TIANJIN CAPITAL,600874.SS,1065.HK,1266,54805508.092983395,1169848.7069529642,0.5818007333546424,118.16074370375821
HUADIAN POWER,600027.SS,1071.HK,1266,231935176.66132593,30651793.09628452,0.22757009016036525,40.531937328779094
DONGFANG ELEC,600875.SS,1072.HK,1266,417195566.1933608,24822621.14334167,0.29072402185001556,39.71766102679494
CHINA SHENHUA,601088.SS,1088.HK,1266,500446903.43658745,255883146.19893417,0.11006749758945086,33.27778604455025
TRIUMPH NEW EN,600876.SS,1108.HK,1266,121056314.69156133,24834448.102930784,1.8121780890040362,224.80907112806491
COSCO SHIP ENGY,600026.SS,1138.HK,1266,318661926.2865135,59969034.75578318,0.37262539640798015,52.189046805926495
ZOOMLION,000157.SZ,1157.HK,1266,370598151.90618557,44111351.07186058,0.27767453076888765,92.20685584720842
YANKUANG ENERGY,600188.SS,1171.HK,1266,370575127.3542754,113736000.12150191,0.37440805977345165,60.56942962663029
CHINA RAIL CONS,601186.SS,1186.HK,1266,523901310.5377993,55962763.78120705,0.31230387381131414,121.14144305848801
BYD COMPANY,002594.SZ,1211.HK,1266,3669545035.1398134,1421476006.4275212,0.12497193679314705,31.176336800749375
ABC,601288.SS,1288.HK,1266,650165412.623588,224113345.7367628,0.06701335832853406,23.002471855126192
DYNAGREEN ENV,601330.SS,1330.HK,1266,98530503.20225434,3721636.9207521863,0.6185555144319023,40.098889231542444
NCI,601336.SS,1336.HK,1266,511554372.0757235,129810137.56649624,0.25672192311482794,64.69829242869127
PICC GROUP,601319.SS,1339.HK,1266,341909731.0459405,72599825.82796498,0.6109990762396946,126.72563020405093
HUA HONG SEMI,688347.SS,1347.HK,104,368014965.38149774,174477089.50122964,0.09087271008411665,2.78035897291716
FUDANZHANGJIANG,688505.SS,1349.HK,896,61094552.516061306,4086264.341845772,1.1027840421342883,77.26845569234969
CC SECURITIES,601375.SS,1375.HK,1266,267294485.6819473,4991410.221900979,0.4061138522021121,27.780390395381847
SHANGHAI FUDAN,688385.SS,1385.HK,611,335643811.3351189,78690542.5750646,0.3315520843817721,22.277658973221097
ICBC,601398.SS,1398.HK,1266,807580041.6313205,707980272.5269516,0.07812650273608614,35.45303671584141
GLMS SEC,601456.SS,1456.HK,867,621073022.8354635,10163807.611144425,1.0704950692570832,65.99515623192823
LIVZON PHARMA,000513.SZ,1513.HK,1266,250142415.39852172,16957904.28552686,0.10629271491094781,14.864865165592697
RS MACALLINE,601828.SS,1528.HK,1266,83970650.41672046,7230397.316864448,0.32943475054539284,58.11381390040077
MCC,601618.SS,1618.HK,1266,378318921.13369614,23634228.890118662,0.21345843248216473,33.259631484144776
DZUG,600635.SS,1635.HK,1266,133796765.97166856,589152.310034557,0.32271859941769804,50.788300678338466
PSBC,601658.SS,1658.HK,1030,501432097.1437935,195108831.4466012,0.12550446856726216,51.23171166795868
CRRC,601766.SS,1766.HK,1266,372774480.7933387,69459258.01169537,0.3140947881752594,117.06632813494518
GANFENGLITHIUM,002460.SZ,1772.HK,1266,2263831989.1329317,279353518.0384841,0.384932088398761,90.41301403148695
GF SEC,000776.SZ,1776.HK,1266,891052364.8282351,51923472.509787075,0.19451375196304674,42.91549663515191
SD GOLD,600547.SS,1787.HK,1266,811030238.1473044,85242456.98406053,0.21072152181304857,61.966117666164614
CHINA COMM CONS,601800.SS,1800.HK,1266,426671622.23595905,63344708.92576708,0.3450778680927408,75.05788278360455
CHENMING PAPER,000488.SZ,1812.HK,1266,215499073.1684441,18271442.224398684,0.24684644449851614,54.028041169979545
CGN POWER,003816.SZ,1816.HK,1104,243910888.32476708,50436947.12899737,0.23670260991003686,55.62783154160348
CHUNLI MEDICAL,688236.SS,1858.HK,506,29592407.725497764,6502712.396029243,0.3249587811292117,26.490261267253658
JUNSHI BIO,688180.SS,1877.HK,879,486594282.66009736,84479996.51889315,0.33673648097215503,29.721183675825294
CTG DUTY-FREE,601888.SS,1880.HK,342,1917517205.5223968,139787931.62050697,0.05324428011092737,5.537425226057354
CHINA COAL,601898.SS,1898.HK,1266,198374699.58127284,57021361.88382678,0.3237138315391004,99.83600667293638
COSCO SHIP HOLD,601919.SS,1919.HK,1266,886090623.4425377,148198537.2093072,0.3217953676623641,76.41733032583862
BCQ,601963.SS,1963.HK,735,93586819.75375375,2876994.268123093,0.43968327919637334,38.54974310476047
MINSHENG BANK,600016.SS,1988.HK,1266,290842429.2210538,63085509.420336165,0.13313299490775696,59.650180893329015
BBMG,601992.SS,2009.HK,1266,84882413.49313694,9248232.006452195,0.4666053328304418,113.4498955838678
CZBANK,601916.SS,2016.HK,1040,163112535.05437842,6021827.858275589,0.10326671244758934,29.579405525121345
CIMC,000039.SZ,2039.HK,1266,166826395.74132198,16254664.642867554,0.17747256759743318,39.84835036996195
CHALIECO,601068.SS,2068.HK,1266,118317881.31891313,7650648.437894602,0.37722534047695067,17.913647433856212
FOSUN PHARMA,600196.SS,2196.HK,1266,1494544827.171466,161776434.992871,0.21608146376613044,45.72786681448132
CHINA VANKE,000002.SZ,2202.HK,1266,1547764182.011882,176712534.21981946,0.1471870840649575,75.16890444316293
GOLDWIND,002202.SZ,2208.HK,1266,662493006.0141908,69949713.17274159,0.40772955158546903,293.62879895854167
ANDRE JUICE,605198.SS,2218.HK,832,32176910.990589682,961107.6246010965,0.5730513474444584,19.323506496296194
GAC GROUP,601238.SS,2238.HK,1266,374437464.5371963,166385715.42757636,0.4612054557631838,133.57482424828663
PING AN,601318.SS,2318.HK,1266,3210480435.0119634,1645264110.527881,0.061176641338650646,22.354543206006205
GWMOTOR,601633.SS,2333.HK,1266,717204035.087203,440425175.44925016,0.6687476928801939,112.11843697790974
WEICHAI POWER,000338.SZ,2338.HK,1266,772712833.8331423,113039497.98819244,0.11074573871983147,32.643383117505145
WUXI APPTEC,603259.SS,2359.HK,1266,1763079225.714516,214721705.21034774,0.06490156269278814,13.293500860634117
SINOHYTEC,688339.SS,2402.HK,245,103006554.18095201,2857126.0757346638,0.08765857219909451,16.972463463978574
LOPAL TECH,603906.SS,2465.HK,0,,,,
CHALCO,601600.SS,2600.HK,1266,737594707.6387299,119451811.73721321,0.18511657373688847,36.11489664264705
CPIC,601601.SS,2601.HK,1266,762697471.9094892,254074427.87021756,0.08863225114966607,16.581353927873597
SH PHARMA,601607.SS,2607.HK,1266,306515571.69551635,38148198.341558106,0.1644235147589114,32.93671534527184
GTHT,601211.SS,2611.HK,1266,501690995.2714865,17004631.0570274,0.19921485126483088,42.290418968962335
CHINA LIFE,601628.SS,2628.HK,1266,503760122.1932871,475733622.1974202,0.5698890718555688,125.24133402954341
SH ELECTRIC,601727.SS,2727.HK,1266,218295211.5455242,19332899.200663086,0.20084715264227254,25.409016576354322
COSCO SHIP DEV,601866.SS,2866.HK,1266,150957393.77419132,12291712.095611455,0.5491318308610572,59.45736687938384
LIAONING PORT,601880.SS,2880.HK,1266,88366319.01306231,2079731.576545711,0.32640947999966174,43.32078596194036
CHINA OILFIELD,601808.SS,2883.HK,1266,141137070.4029469,84923289.14874081,0.4169305894456265,72.45613337021214
ZIJIN MINING,601899.SS,2899.HK,1266,1767489649.1692646,291703952.8381344,0.1276083667000827,40.91571689545713
BANKCOMM,601328.SS,3328.HK,1266,359433273.36237115,74987080.10871795,0.07469178414320957,30.361458613218595
TIGERMED,300347.SZ,3347.HK,862,790328595.8145365,112036206.22698271,0.20213029322203366,44.01233532812822
QHD PORT,601326.SS,3369.HK,1266,42156888.861784406,1268423.9552634289,0.2021200960913502,18.4790936943465
FUYAO GLASS,600660.SS,3606.HK,1266,522212056.1749637,86930137.4599764,0.10948520186529759,23.94023294745308
CQRC BANK,601077.SS,3618.HK,1060,154580649.52436563,16345795.019459397,0.24198787402308472,45.27192952807432
HOLLY FUTURES,001236.SZ,3678.HK,356,270291576.6107906,16779786.672323357,2.186902396115179,22.54817495488989
CATL,300750.SZ,3750.HK,0,,,,
PHARMARON,300759.SZ,3759.HK,1038,613854411.1150438,111830634.21782961,0.2336059219586655,62.090783728669486
BQD,002948.SZ,3866.HK,1256,92996897.35168268,2193360.586896999,0.2247671396740496,68.50013475418965
TIMES ELECTRIC,688187.SS,3898.HK,587,295544309.82399225,125726005.03900887,0.24663591366907434,33.07755945664424
CICC,601995.SS,3908.HK,803,911945249.3286464,182206300.59487143,0.41748684820790394,34.831566453638295
DFZQ,600958.SS,3958.HK,1266,711926644.1257424,17000978.746000517,0.21392454225613253,17.6740390943565
CM BANK,600036.SS,3968.HK,1266,1864463114.7611032,632430233.550185,0.05514489090716134,20.960609372088246
CHINA CRSC,688009.SS,3969.HK,1126,170787758.1507638,12813917.561892046,0.2801464976704682,45.38676163161022
BANK OF CHINA,601988.SS,3988.HK,1266,374720592.50666595,514326199.92772686,0.08647307143565129,42.753546847329815
CMOC,603993.SS,3993.HK,1266,947634166.0294192,127001549.6014048,0.1637028762310382,32.67180874420031
CH ENERGY ENG,601868.SS,3996.HK,572,843571654.0088217,24046736.780067116,0.17740721955273459,9.71820027113691
CITIC SEC,600030.SS,6030.HK,1266,2527113651.5805364,231585646.80022022,0.17921124533545307,62.721950080860715
CSC,601066.SS,6066.HK,1266,958492377.203272,61710996.72805849,0.9253980582309251,60.994708173250444
CMSC,600999.SS,6099.HK,1266,394413013.9146668,16596418.998433925,0.29236895839162674,56.55379656794872
JOINN,603127.SS,6127.HK,722,336028205.2498034,30948923.799680367,0.30245663329006667,30.30690676396026
BEONE MEDICINES,688235.SS,6160.HK,517,248787379.60235095,144846957.0350203,0.1153509214949774,18.360395378362085
EB SECURITIES,601788.SS,6178.HK,1266,834068064.1554301,17237600.05802341,0.5308494284996995,55.36691948254579
CANSINOBIO,688185.SS,6185.HK,858,557987861.0673097,245369023.16824088,0.6064116340676685,88.35579590903599
BANKOFZHENGZHOU,002936.SZ,6196.HK,1266,98144704.9145411,4778623.85446084,0.1829282691932703,37.75929751548867
QINGDAO PORT,601298.SS,6198.HK,1250,87549099.5325313,4095946.864439701,0.1785343224391712,23.33215983627453
HX BLDG MAT,600801.SS,6655.HK,447,146317467.88172358,4254128.928567253,0.14012626510860113,13.705872884921694
JLMAG,300748.SZ,6680.HK,495,303162030.7524007,11396979.748625582,0.19320909452802373,49.81125324530067
HAIER SMARTHOME,600690.SS,6690.HK,766,783059767.680459,244108099.0383504,0.05254057416113579,7.708835832341362
SWHY,000166.SZ,6806.HK,1188,353105194.17982984,9681580.416125828,0.3644381518647846,49.190524302865256
CEB BANK,601818.SS,6818.HK,1266,308927477.7298587,20560914.57067642,0.10651980516387415,34.15542801323379
ASYMCHEM,002821.SZ,6821.HK,520,752135207.2779206,26310114.21088433,0.17426513524303605,23.839390774368834
HAOHAI BIOTEC,688366.SS,6826.HK,1059,116827529.77139509,18507240.53444076,0.2570935986637036,14.058994073282605
FLAT GLASS,601865.SS,6865.HK,1219,387608247.9929761,124927001.78033742,0.6800816629176998,37.41182665829713
YOFC,601869.SS,6869.HK,1266,115411370.25568579,26509697.41528988,0.33461849790887527,29.5094316501023
CGS,601881.SS,6881.HK,1266,473928745.3480701,59377583.71972352,0.30660727830176093,25.62202717413688
HTSC,601688.SS,6886.HK,1266,1073356259.8611804,62561225.39500222,0.1453164854277524,32.728156947072996
TIANQI LITHIUM,002466.SZ,9696.HK,373,2527663247.3525853,121125732.99110456,0.11502698512901084,13.640913067708642
INNOCARE,688428.SS,9969.HK,324,103342243.75686644,35463629.66843278,0.23089906827980272,24.00498310268575
HEPALINK,002399.SZ,9989.HK,884,69664336.9478511,11108739.70945125,0.6048657349528008,194.9638861921784
REMEGEN,688331.SS,9995.HK,444,114616154.8017529,88142178.32946214,0.22708785740881446,18.65461076949372
